Departmental Group,Organisation,Organisation code,Response Rate,Employee Engagement Index,My work,Organisational objectives and purpose,My manager,My team,Learning and development,Inclusion and fair treatment,Resources and workload,Pay and benefits,Leadership and managing change,PERMA Index,Proxy Stress Index,B01,B02,B03,B04,B05,B06,B07,B08,B09,B10,B11,B12,B13,B14,B15,B16,B17,B18,B19,B20,B21,B22,B23,B24,B25,B26,B27,B28,B29,B30,B31,B32,B33,B34,B35,B36,B37,B38,B39,B40,B41,B42,B43,B44,B45,B46,B47,B48,B49,B50,B51,B52,B53,B54,B55,B56,B57,B58,B59,B60,C01_1,C01_2,C01_3,C01_4,D01,D02,D03,E01,E03,E05,E06_A,E06_B,E06_C,E06_D,E06_E,W01,W02,W03,W04
000_CS,Civil Service Benchmark (median),CS_MEDIAN,80%,63%,77%,83%,71%,82%,55%,79%,74%,34%,49%,74%,28%,90%,80%,78%,60%,78%,82%,84%,72%,87%,83%,67%,76%,80%,69%,65%,68%,40%,86%,83%,77%,64%,54%,51%,50%,82%,86%,68%,78%,71%,76%,89%,72%,63%,71%,34%,39%,28%,63%,55%,50%,51%,35%,36%,60%,40%,50%,67%,61%,52%,52%,50%,51%,38%,89%,73%,70%,67%,76%,58%,66%,7%,15%,33%,44%,92%,66%,72%,11%,12%,51%,16%,38%,55%,18%,22%,67%,71%,62%,32%
000_CS,All civil servants (mean score),CS_MEAN,67%,60%,74%,81%,70%,81%,55%,77%,72%,31%,45%,73%,30%,88%,79%,75%,56%,70%,80%,82%,71%,84%,81%,66%,75%,79%,68%,64%,68%,42%,86%,83%,75%,65%,54%,54%,49%,80%,85%,66%,76%,68%,75%,86%,68%,63%,70%,31%,36%,27%,57%,52%,44%,45%,34%,32%,57%,36%,45%,59%,54%,50%,49%,47%,44%,37%,89%,69%,67%,67%,76%,57%,63%,8%,13%,28%,50%,89%,66%,67%,13%,12%,50%,16%,38%,55%,19%,23%,66%,71%,62%,32%
Attorney General's Departments,Attorney General's Office,AGO0000,100%,76%,77%,96%,78%,88%,65%,78%,81%,24%,68%,77%,25%,91%,73%,85%,60%,76%,95%,98%,80%,91%,85%,84%,78%,91%,74%,74%,70%,51%,89%,87%,87%,71%,60%,67%,60%,82%,78%,73%,78%,80%,84%,98%,80%,69%,73%,25%,22%,25%,73%,73%,75%,76%,62%,55%,80%,56%,67%,95%,78%,60%,75%,73%,82%,65%,85%,73%,85%,69%,75%,82%,87%,13%,44%,36%,7%,95%,60%,80%,15%,13%,50%,40%,33%,80%,40%,33%,66%,68%,58%,32%
Attorney General's Departments,Crown Prosecution Service,CPS0000,68%,65%,76%,88%,71%,76%,60%,76%,71%,42%,47%,75%,30%,92%,85%,83%,54%,65%,88%,88%,72%,84%,78%,70%,75%,80%,71%,66%,71%,40%,85%,79%,65%,72%,61%,56%,50%,78%,84%,66%,76%,69%,82%,90%,67%,55%,63%,38%,48%,40%,63%,63%,47%,50%,32%,31%,55%,39%,42%,65%,58%,63%,55%,52%,55%,45%,87%,59%,62%,63%,77%,45%,63%,7%,9%,23%,61%,89%,64%,66%,12%,13%,55%,15%,33%,61%,20%,17%,67%,73%,64%,34%
Attorney General's Departments,HM CPS Inspectorate,HMCPSI0000,96%,79%,86%,93%,80%,88%,73%,85%,89%,61%,80%,84%,18%,100%,87%,96%,65%,83%,91%,96%,78%,91%,83%,78%,83%,83%,83%,83%,83%,52%,96%,96%,74%,74%,82%,61%,73%,87%,87%,78%,87%,91%,83%,96%,87%,87%,91%,61%,61%,61%,91%,78%,87%,83%,74%,78%,83%,70%,74%,91%,82%,59%,82%,82%,82%,70%,91%,74%,78%,83%,74%,74%,82%,5%,9%,55%,32%,91%,74%,73%,4%,9%,0%,0%,0%,100%,0%,0%,86%,86%,77%,32%
Attorney General's Departments,Serious Fraud Office,SFO0000,75%,63%,71%,82%,67%,76%,53%,75%,75%,22%,42%,72%,30%,89%,69%,72%,55%,69%,81%,82%,67%,84%,81%,63%,75%,79%,61%,59%,64%,36%,82%,76%,70%,60%,56%,43%,52%,79%,83%,63%,76%,67%,71%,92%,69%,70%,81%,25%,23%,20%,51%,45%,41%,43%,28%,33%,60%,38%,43%,70%,53%,54%,52%,48%,46%,34%,84%,68%,64%,58%,74%,46%,59%,11%,26%,41%,21%,90%,59%,63%,12%,12%,58%,12%,52%,61%,14%,40%,63%,69%,62%,26%
"Business, Energy and Industrial Strategy","Department for Business, Energy and Industrial Strategy",BEIS0000,92%,62%,78%,80%,73%,85%,64%,83%,75%,39%,57%,74%,26%,89%,78%,75%,63%,82%,79%,81%,76%,90%,87%,64%,80%,84%,69%,66%,71%,38%,88%,86%,80%,73%,61%,65%,57%,86%,89%,76%,82%,74%,71%,89%,79%,66%,72%,41%,42%,35%,74%,65%,55%,62%,45%,40%,69%,44%,57%,62%,70%,40%,49%,48%,62%,48%,90%,79%,73%,70%,82%,69%,75%,7%,23%,50%,21%,98%,61%,76%,11%,10%,56%,16%,45%,53%,16%,37%,68%,72%,63%,33%
"Business, Energy and Industrial Strategy",Acas,ACAS0000,71%,63%,73%,85%,71%,81%,49%,77%,70%,23%,43%,74%,30%,89%,79%,78%,51%,66%,83%,86%,73%,87%,80%,69%,77%,82%,71%,67%,64%,39%,87%,82%,74%,57%,50%,44%,44%,79%,87%,66%,76%,71%,74%,89%,65%,53%,67%,23%,25%,21%,48%,46%,43%,40%,30%,32%,59%,39%,47%,71%,55%,55%,51%,49%,43%,35%,89%,69%,65%,67%,79%,48%,65%,9%,16%,32%,43%,78%,55%,64%,13%,12%,57%,16%,31%,55%,21%,23%,63%,69%,61%,32%
"Business, Energy and Industrial Strategy",Companies House,CH0000,92%,70%,80%,89%,74%,86%,61%,81%,81%,35%,58%,76%,25%,90%,84%,81%,65%,80%,87%,90%,75%,86%,84%,72%,77%,81%,77%,71%,73%,46%,89%,87%,83%,73%,58%,62%,52%,81%,87%,72%,82%,76%,82%,89%,82%,75%,82%,28%,53%,25%,65%,63%,65%,60%,48%,48%,66%,48%,58%,69%,76%,63%,61%,59%,56%,43%,91%,75%,76%,69%,84%,78%,72%,4%,9%,23%,64%,81%,61%,72%,8%,7%,49%,15%,36%,38%,12%,28%,69%,74%,64%,32%
"Business, Energy and Industrial Strategy",Competition and Markets Authority,CMA0000,75%,64%,76%,88%,70%,81%,56%,80%,74%,30%,59%,73%,28%,87%,77%,76%,63%,79%,87%,89%,73%,88%,87%,65%,81%,81%,65%,64%,61%,37%,83%,82%,77%,66%,55%,51%,51%,83%,85%,71%,81%,76%,75%,91%,74%,61%,66%,31%,32%,26%,73%,64%,55%,61%,57%,51%,73%,46%,49%,72%,68%,50%,54%,55%,55%,42%,86%,70%,72%,66%,81%,50%,73%,7%,18%,50%,25%,91%,60%,74%,10%,13%,53%,16%,49%,43%,15%,25%,68%,72%,65%,31%
"Business, Energy and Industrial Strategy",HM Land Registry,HMLR0000,70%,63%,67%,80%,67%,80%,54%,78%,76%,38%,48%,71%,30%,82%,79%,70%,46%,60%,79%,82%,66%,85%,77%,67%,74%,75%,67%,60%,66%,35%,88%,82%,70%,62%,54%,54%,44%,82%,87%,64%,81%,72%,78%,83%,77%,68%,79%,34%,44%,34%,60%,54%,59%,47%,37%,31%,60%,35%,45%,61%,64%,55%,49%,47%,47%,39%,89%,63%,69%,57%,80%,61%,63%,6%,8%,22%,63%,88%,61%,74%,9%,9%,55%,18%,42%,52%,21%,30%,66%,68%,61%,33%
"Business, Energy and Industrial Strategy",Intellectual Property Office,IPO0000,73%,68%,79%,85%,72%,86%,70%,80%,79%,42%,54%,73%,26%,89%,87%,78%,61%,80%,84%,86%,72%,88%,84%,70%,78%,79%,72%,66%,69%,43%,90%,86%,82%,82%,68%,67%,64%,82%,87%,68%,85%,78%,78%,92%,79%,68%,78%,39%,53%,33%,64%,57%,56%,55%,38%,41%,68%,51%,57%,70%,78%,58%,56%,55%,53%,36%,88%,76%,76%,70%,86%,74%,67%,6%,9%,25%,60%,90%,65%,78%,12%,10%,34%,11%,36%,60%,23%,29%,66%,68%,59%,36%
"Business, Energy and Industrial Strategy",Met Office,MET0000,74%,66%,81%,82%,71%,84%,57%,80%,71%,32%,47%,74%,28%,94%,87%,82%,62%,80%,81%,83%,71%,89%,87%,66%,79%,81%,68%,63%,71%,38%,87%,85%,80%,64%,56%,51%,55%,83%,88%,67%,81%,69%,77%,88%,69%,61%,66%,36%,38%,22%,60%,55%,63%,50%,21%,28%,54%,34%,53%,78%,64%,63%,56%,50%,46%,30%,93%,79%,70%,69%,78%,53%,66%,4%,10%,35%,51%,92%,65%,78%,10%,9%,52%,20%,41%,59%,15%,18%,64%,69%,58%,34%
"Business, Energy and Industrial Strategy",The Insolvency Service,INSS0000,79%,62%,81%,91%,78%,85%,58%,83%,78%,38%,49%,75%,26%,91%,83%,81%,66%,82%,89%,92%,78%,89%,85%,78%,83%,82%,79%,74%,78%,52%,89%,85%,81%,70%,59%,54%,51%,86%,89%,73%,84%,76%,86%,92%,67%,66%,79%,35%,45%,34%,61%,55%,49%,46%,33%,34%,65%,44%,54%,61%,60%,54%,54%,53%,51%,50%,93%,77%,71%,72%,81%,73%,73%,7%,11%,27%,55%,91%,73%,75%,9%,10%,49%,16%,41%,54%,12%,13%,65%,71%,61%,31%
"Business, Energy and Industrial Strategy",UK Space Agency,SPACE0000,84%,60%,77%,62%,62%,74%,44%,70%,60%,31%,32%,72%,36%,93%,82%,76%,53%,83%,58%,66%,61%,83%,77%,49%,65%,77%,55%,57%,61%,28%,76%,76%,69%,51%,45%,37%,42%,75%,76%,59%,70%,55%,59%,88%,59%,46%,55%,33%,36%,24%,46%,33%,19%,27%,15%,24%,51%,31%,44%,81%,45%,50%,45%,36%,46%,33%,81%,67%,54%,59%,71%,65%,51%,12%,23%,45%,20%,94%,64%,62%,13%,20%,61%,17%,43%,62%,15%,20%,62%,65%,58%,35%
Cabinet Office,Cabinet Office,CO0000,90%,65%,77%,74%,71%,84%,53%,79%,73%,30%,47%,75%,28%,90%,78%,77%,62%,78%,73%,76%,75%,86%,84%,61%,78%,81%,69%,66%,68%,40%,86%,85%,81%,61%,51%,55%,48%,82%,85%,71%,77%,70%,71%,89%,77%,65%,69%,32%,34%,25%,63%,54%,37%,51%,36%,34%,61%,41%,49%,77%,65%,46%,54%,50%,56%,44%,89%,77%,70%,67%,76%,79%,71%,9%,25%,44%,22%,94%,62%,72%,14%,15%,54%,18%,37%,58%,23%,33%,70%,73%,63%,35%
Cabinet Office,Crown Commercial Service,CCS0000,97%,68%,82%,92%,76%,86%,62%,82%,77%,42%,58%,76%,25%,92%,84%,81%,67%,86%,92%,92%,79%,90%,86%,81%,82%,84%,73%,70%,68%,48%,87%,86%,84%,71%,60%,60%,57%,84%,88%,73%,85%,71%,76%,91%,76%,69%,79%,43%,49%,34%,70%,62%,74%,66%,34%,43%,69%,46%,55%,70%,69%,53%,62%,61%,63%,44%,93%,79%,75%,72%,86%,75%,75%,5%,13%,32%,50%,89%,72%,75%,8%,12%,51%,18%,36%,54%,19%,18%,73%,75%,67%,32%
Cabinet Office,Government Equalities Office,GEO0000,86%,69%,78%,87%,72%,90%,49%,80%,75%,42%,55%,73%,27%,96%,75%,81%,55%,84%,84%,89%,76%,96%,90%,65%,78%,85%,60%,63%,75%,34%,91%,93%,85%,61%,42%,49%,43%,89%,92%,72%,66%,79%,69%,88%,79%,60%,79%,46%,44%,37%,90%,66%,47%,65%,43%,22%,65%,40%,60%,76%,60%,63%,61%,57%,74%,60%,96%,76%,73%,63%,79%,75%,72%,12%,38%,38%,11%,100%,62%,66%,9%,11%,40%,13%,50%,50%,14%,75%,55%,59%,48%,43%
Cabinet Office,Government Property Agency,GPA0000,89%,58%,76%,83%,71%,81%,52%,72%,61%,31%,53%,73%,30%,87%,77%,73%,56%,87%,81%,85%,71%,84%,84%,73%,76%,80%,69%,64%,66%,43%,82%,81%,80%,64%,52%,50%,40%,77%,78%,62%,72%,47%,67%,88%,57%,49%,59%,33%,35%,25%,73%,50%,66%,53%,34%,39%,65%,48%,53%,58%,40%,40%,47%,47%,63%,41%,87%,70%,69%,65%,71%,82%,65%,8%,23%,36%,33%,87%,71%,74%,11%,19%,56%,17%,43%,50%,17%,40%,73%,73%,64%,34%
Charity Commission,Charity Commission,CC0000,81%,65%,79%,90%,71%,84%,47%,78%,69%,28%,55%,75%,28%,92%,86%,79%,62%,75%,91%,89%,74%,88%,82%,73%,77%,79%,68%,66%,66%,39%,89%,85%,77%,57%,55%,38%,39%,79%,87%,68%,76%,68%,71%,85%,61%,58%,73%,29%,34%,21%,69%,62%,62%,57%,43%,45%,64%,46%,47%,65%,60%,56%,55%,54%,53%,42%,88%,71%,62%,64%,82%,63%,73%,7%,14%,33%,46%,96%,74%,72%,12%,12%,46%,17%,30%,44%,22%,17%,66%,73%,61%,35%
Defence,Ministry of Defence,MOD0000,67%,63%,77%,79%,67%,79%,56%,77%,70%,33%,39%,73%,30%,90%,80%,76%,62%,76%,77%,81%,68%,81%,80%,62%,74%,77%,62%,60%,67%,44%,82%,80%,75%,66%,51%,56%,52%,81%,84%,67%,74%,66%,76%,87%,63%,62%,68%,33%,36%,29%,51%,49%,43%,41%,23%,22%,48%,31%,43%,68%,55%,61%,49%,45%,35%,28%,89%,73%,67%,73%,76%,46%,57%,6%,9%,24%,60%,87%,64%,61%,13%,12%,50%,16%,38%,55%,20%,21%,66%,70%,61%,29%
Defence,Defence Electronics and Components Agency,DECA0000,52%,53%,71%,62%,48%,72%,35%,58%,63%,20%,31%,70%,37%,84%,75%,78%,49%,68%,59%,66%,45%,68%,65%,45%,48%,59%,40%,37%,43%,25%,79%,75%,61%,46%,37%,30%,29%,61%,72%,45%,52%,54%,62%,81%,64%,53%,63%,19%,25%,16%,32%,28%,43%,27%,17%,25%,45%,29%,37%,50%,38%,47%,31%,28%,26%,19%,85%,59%,59%,52%,47%,51%,41%,7%,9%,30%,55%,81%,49%,46%,21%,20%,43%,10%,20%,66%,13%,8%,58%,64%,57%,31%
Defence,Defence Equipment and Support,DES0000,83%,53%,76%,72%,68%,78%,55%,77%,66%,32%,40%,71%,31%,88%,80%,74%,60%,79%,71%,72%,71%,86%,84%,61%,77%,79%,62%,61%,64%,35%,82%,79%,72%,58%,51%,57%,53%,81%,86%,66%,76%,59%,70%,84%,57%,57%,71%,33%,39%,23%,59%,49%,44%,41%,19%,24%,52%,28%,46%,49%,46%,35%,36%,35%,48%,39%,89%,72%,70%,71%,78%,45%,64%,10%,15%,32%,43%,82%,54%,60%,12%,11%,52%,17%,43%,51%,18%,30%,64%,68%,59%,30%
Defence,Dstl,DSTL0000,77%,62%,80%,77%,64%,78%,60%,78%,66%,26%,44%,73%,31%,92%,83%,79%,63%,83%,77%,76%,63%,87%,82%,56%,70%,73%,58%,55%,61%,31%,82%,79%,74%,67%,54%,62%,57%,79%,86%,66%,80%,63%,67%,86%,54%,56%,70%,25%,36%,16%,47%,49%,59%,46%,24%,25%,59%,35%,56%,69%,64%,53%,49%,44%,46%,28%,90%,78%,77%,72%,79%,57%,64%,6%,12%,35%,47%,92%,59%,71%,13%,12%,51%,14%,38%,58%,19%,17%,63%,66%,58%,33%
Defence,Submarine Delivery Agency,SDA0000,92%,58%,78%,79%,68%,79%,49%,77%,64%,36%,45%,72%,31%,91%,82%,75%,63%,79%,79%,80%,70%,87%,85%,64%,78%,79%,60%,57%,63%,33%,84%,81%,73%,54%,47%,48%,46%,83%,86%,67%,74%,56%,68%,85%,52%,55%,68%,37%,43%,28%,62%,54%,49%,47%,25%,28%,58%,30%,54%,58%,49%,42%,43%,42%,51%,33%,90%,73%,75%,74%,74%,41%,64%,8%,16%,39%,37%,82%,48%,62%,11%,11%,56%,21%,36%,47%,13%,29%,64%,67%,58%,30%
Defence,UK Hydrographic Office,UKHO0000,75%,64%,76%,74%,65%,85%,50%,75%,72%,31%,47%,72%,30%,90%,78%,74%,59%,80%,72%,75%,64%,86%,83%,61%,73%,75%,60%,53%,63%,33%,88%,86%,80%,64%,48%,41%,48%,80%,84%,61%,74%,70%,67%,84%,71%,67%,76%,27%,40%,26%,60%,45%,53%,44%,35%,42%,58%,37%,52%,72%,62%,53%,49%,45%,39%,28%,91%,75%,70%,60%,75%,50%,59%,6%,14%,29%,51%,85%,63%,68%,8%,13%,55%,17%,36%,46%,19%,12%,62%,66%,57%,34%
"Digital, Culture, Media and Sport","Department for Digital, Culture, Media and Sport",DCMS0000,97%,69%,77%,81%,71%,84%,58%,82%,74%,32%,53%,74%,27%,89%,78%,75%,59%,82%,81%,82%,74%,89%,88%,64%,79%,82%,64%,64%,67%,36%,87%,85%,80%,66%,55%,58%,51%,86%,88%,74%,82%,73%,71%,90%,76%,63%,70%,34%,36%,25%,72%,66%,41%,58%,41%,37%,67%,40%,56%,77%,75%,55%,58%,55%,60%,42%,90%,76%,73%,69%,76%,69%,71%,9%,25%,46%,19%,95%,57%,75%,12%,13%,56%,16%,46%,52%,19%,30%,69%,74%,65%,35%
"Digital, Culture, Media and Sport",The National Archives,TNA0000,78%,71%,81%,87%,74%,83%,57%,84%,77%,25%,59%,74%,25%,91%,83%,81%,66%,86%,86%,88%,75%,92%,87%,70%,81%,83%,72%,68%,74%,42%,84%,84%,81%,69%,58%,48%,55%,86%,89%,73%,86%,75%,79%,91%,75%,68%,74%,23%,34%,19%,69%,66%,69%,59%,43%,48%,72%,52%,54%,82%,69%,66%,62%,59%,51%,33%,93%,82%,72%,67%,80%,51%,71%,6%,14%,43%,37%,92%,64%,83%,5%,5%,43%,28%,28%,42%,10%,12%,62%,68%,56%,40%
Education,Department for Education,DFE0000,91%,69%,81%,84%,77%,88%,65%,85%,78%,50%,57%,75%,25%,90%,83%,79%,68%,85%,83%,85%,79%,90%,88%,70%,84%,85%,79%,71%,76%,46%,90%,88%,85%,72%,62%,67%,57%,87%,91%,78%,84%,76%,76%,90%,81%,68%,76%,51%,54%,44%,69%,63%,47%,60%,47%,44%,72%,50%,59%,74%,77%,57%,62%,60%,62%,48%,91%,79%,77%,72%,85%,79%,78%,4%,12%,36%,48%,94%,66%,78%,10%,9%,48%,15%,44%,46%,15%,35%,71%,74%,64%,32%
"Environment, Food and Rural Affairs","Department for Environment, Food and Rural Affairs",DEFRA0000,76%,63%,77%,79%,70%,84%,57%,81%,68%,33%,47%,73%,29%,90%,80%,74%,59%,83%,79%,80%,71%,88%,86%,63%,78%,82%,64%,62%,67%,37%,87%,85%,80%,64%,54%,58%,50%,84%,88%,71%,80%,66%,67%,87%,63%,58%,69%,34%,38%,28%,62%,57%,34%,53%,34%,30%,60%,38%,52%,67%,64%,48%,50%,48%,48%,30%,90%,77%,73%,71%,79%,68%,71%,7%,18%,41%,35%,94%,61%,74%,12%,11%,51%,16%,45%,50%,17%,34%,66%,71%,61%,36%
"Environment, Food and Rural Affairs",Animal and Plant Health Agency,APHA0000,58%,55%,70%,76%,65%,76%,45%,72%,66%,24%,33%,70%,34%,88%,76%,71%,45%,69%,73%,79%,63%,83%,80%,61%,69%,76%,65%,58%,62%,35%,82%,77%,69%,58%,49%,37%,37%,75%,81%,60%,72%,62%,70%,85%,60%,54%,67%,22%,31%,21%,44%,43%,27%,33%,21%,17%,45%,26%,40%,49%,39%,43%,38%,36%,30%,23%,87%,64%,66%,62%,69%,56%,56%,10%,15%,30%,44%,95%,72%,62%,11%,14%,49%,18%,37%,55%,15%,15%,58%,63%,55%,35%
"Environment, Food and Rural Affairs","Centre for Environment, Fisheries and Aquaculture Science",CEFAS0000,98%,61%,78%,73%,67%,78%,58%,74%,71%,26%,43%,73%,31%,91%,84%,77%,57%,81%,72%,74%,66%,86%,82%,59%,71%,75%,65%,60%,63%,42%,81%,77%,75%,63%,58%,53%,59%,77%,82%,64%,72%,70%,71%,87%,75%,58%,68%,27%,35%,18%,50%,43%,51%,41%,33%,34%,56%,39%,43%,71%,60%,54%,48%,46%,47%,31%,91%,73%,69%,65%,73%,58%,63%,9%,11%,36%,44%,91%,65%,70%,14%,14%,62%,14%,31%,52%,23%,12%,66%,71%,60%,36%
"Environment, Food and Rural Affairs",Rural Payments Agency,RPA0000,51%,50%,63%,76%,67%,78%,38%,71%,66%,29%,38%,69%,33%,80%,73%,63%,40%,57%,75%,78%,66%,82%,77%,62%,73%,77%,65%,61%,63%,40%,86%,81%,65%,51%,38%,35%,29%,75%,84%,55%,69%,57%,67%,81%,54%,65%,74%,30%,30%,27%,49%,44%,42%,37%,28%,26%,47%,28%,38%,33%,39%,31%,33%,34%,32%,21%,85%,58%,63%,61%,70%,55%,58%,10%,14%,28%,48%,86%,68%,66%,12%,10%,51%,16%,37%,60%,23%,27%,60%,65%,59%,31%
"Environment, Food and Rural Affairs",Veterinary Medicines Directorate,VMD0000,76%,65%,78%,93%,71%,87%,62%,76%,83%,24%,58%,73%,26%,91%,81%,79%,62%,77%,93%,94%,68%,84%,82%,69%,79%,79%,67%,64%,67%,47%,90%,90%,80%,83%,64%,46%,53%,79%,85%,65%,75%,82%,88%,94%,88%,69%,76%,24%,26%,19%,63%,63%,65%,64%,53%,54%,62%,45%,53%,60%,60%,49%,51%,55%,51%,32%,90%,76%,81%,65%,79%,61%,74%,6%,16%,34%,44%,92%,68%,75%,7%,8%,55%,0%,55%,50%,10%,0%,62%,66%,54%,35%
Estyn,Estyn,ESTYN0000,80%,78%,86%,91%,79%,88%,67%,86%,88%,64%,78%,82%,21%,96%,91%,92%,73%,79%,90%,93%,78%,88%,87%,79%,74%,90%,83%,83%,81%,52%,90%,91%,83%,77%,72%,54%,67%,82%,91%,82%,89%,89%,92%,98%,95%,75%,79%,64%,70%,57%,85%,83%,73%,78%,78%,72%,82%,76%,75%,84%,83%,78%,80%,81%,73%,54%,92%,84%,82%,71%,82%,67%,82%,3%,15%,31%,51%,99%,86%,82%,10%,11%,64%,13%,33%,78%,25%,0%,79%,84%,79%,30%
Exiting the European Union,Department for Exiting the European Union,DEXEU0000,93%,64%,73%,81%,72%,88%,63%,82%,69%,43%,62%,74%,28%,89%,74%,70%,56%,74%,81%,82%,76%,88%,86%,69%,80%,83%,66%,64%,67%,40%,92%,90%,83%,71%,58%,66%,57%,87%,88%,74%,77%,64%,54%,89%,82%,61%,65%,44%,45%,39%,84%,77%,52%,72%,54%,43%,69%,43%,65%,60%,67%,45%,59%,58%,68%,40%,89%,79%,81%,75%,79%,74%,77%,16%,40%,39%,5%,97%,58%,79%,12%,11%,52%,14%,52%,55%,18%,39%,70%,72%,64%,35%
Food Standards Agency,Food Standards Agency,FSA0000,87%,67%,79%,86%,75%,83%,64%,81%,78%,30%,57%,75%,27%,93%,83%,79%,65%,76%,85%,87%,75%,88%,85%,73%,78%,83%,77%,71%,74%,46%,85%,84%,79%,74%,65%,58%,56%,84%,87%,73%,80%,75%,80%,92%,83%,64%,73%,27%,39%,23%,64%,64%,63%,61%,47%,43%,70%,51%,54%,74%,67%,56%,61%,61%,62%,50%,92%,76%,72%,69%,78%,65%,74%,8%,11%,31%,51%,95%,73%,76%,13%,13%,55%,18%,37%,51%,15%,15%,68%,74%,64%,31%
Foreign and Commonwealth Office,Foreign and Commonwealth Office,FCO0000,85%,72%,80%,84%,73%,83%,61%,80%,78%,32%,61%,76%,27%,93%,83%,82%,67%,76%,83%,86%,75%,80%,82%,70%,76%,82%,71%,73%,70%,54%,85%,84%,80%,67%,63%,54%,60%,80%,85%,75%,79%,78%,83%,92%,79%,67%,72%,33%,35%,27%,77%,74%,55%,65%,54%,49%,68%,54%,57%,82%,71%,70%,68%,66%,63%,51%,90%,73%,74%,68%,76%,49%,67%,6%,11%,27%,56%,75%,58%,65%,14%,14%,51%,18%,35%,46%,16%,13%,69%,74%,66%,34%
Foreign and Commonwealth Office,FCO Services,FCOS0000,80%,63%,76%,75%,66%,79%,56%,79%,69%,34%,44%,74%,30%,90%,78%,76%,58%,76%,72%,79%,69%,83%,78%,64%,73%,75%,60%,59%,65%,38%,83%,81%,74%,68%,59%,47%,50%,81%,84%,70%,79%,63%,71%,87%,62%,63%,69%,36%,39%,27%,53%,48%,44%,44%,31%,31%,58%,36%,47%,65%,59%,55%,51%,47%,46%,38%,89%,71%,66%,67%,77%,45%,63%,4%,10%,31%,55%,86%,64%,67%,14%,14%,50%,13%,37%,55%,21%,22%,70%,73%,66%,27%
Foreign and Commonwealth Office,Wilton Park,WPEA0000,100%,74%,78%,85%,75%,90%,48%,81%,79%,35%,45%,78%,26%,94%,79%,84%,57%,74%,84%,87%,77%,89%,85%,68%,73%,91%,70%,72%,69%,49%,93%,93%,85%,70%,51%,28%,40%,85%,91%,68%,78%,82%,79%,91%,80%,68%,74%,32%,35%,37%,41%,54%,48%,51%,39%,39%,51%,38%,41%,85%,72%,70%,74%,70%,52%,50%,95%,74%,74%,65%,73%,54%,72%,6%,10%,43%,41%,89%,70%,76%,7%,6%,40%,0%,0%,75%,50%,0%,77%,82%,70%,24%
Government Actuary's Department,Government Actuary's Department,GAD0000,87%,68%,77%,76%,69%,82%,56%,82%,77%,38%,51%,72%,26%,89%,79%,77%,62%,78%,75%,76%,73%,85%,84%,59%,80%,77%,69%,65%,66%,34%,84%,84%,78%,61%,51%,55%,56%,80%,88%,73%,86%,80%,76%,86%,75%,71%,76%,40%,45%,30%,58%,53%,56%,49%,29%,47%,59%,51%,54%,68%,75%,58%,57%,46%,49%,32%,90%,76%,83%,68%,80%,63%,64%,5%,13%,50%,32%,94%,66%,80%,8%,6%,50%,20%,40%,60%,33%,20%,63%,67%,65%,28%
Government Legal Department,Government Legal Department,GLD0000,81%,65%,79%,80%,74%,84%,65%,83%,77%,14%,55%,75%,26%,90%,84%,80%,60%,83%,81%,79%,78%,91%,88%,65%,82%,85%,71%,69%,72%,36%,89%,84%,78%,75%,68%,58%,57%,85%,90%,74%,81%,77%,77%,92%,75%,67%,73%,14%,17%,11%,71%,64%,54%,58%,50%,40%,68%,42%,49%,70%,68%,51%,54%,51%,64%,51%,94%,76%,77%,70%,82%,72%,77%,6%,15%,38%,41%,94%,65%,78%,10%,10%,54%,23%,52%,50%,18%,24%,68%,73%,63%,35%
Health and Social Care,Department of Health and Social Care,DHSC0000,87%,66%,80%,85%,73%,86%,63%,82%,75%,39%,55%,75%,26%,91%,82%,79%,65%,81%,85%,86%,76%,90%,88%,68%,83%,84%,69%,65%,71%,37%,90%,87%,82%,72%,57%,65%,56%,84%,89%,76%,79%,75%,74%,90%,82%,61%,69%,42%,42%,33%,74%,68%,43%,65%,41%,36%,68%,47%,52%,74%,68%,56%,55%,52%,60%,44%,91%,77%,71%,65%,75%,74%,76%,7%,19%,44%,31%,96%,62%,73%,11%,9%,73%,16%,51%,48%,10%,32%,70%,73%,64%,33%
Health and Social Care,Medicines and Healthcare products Regulatory Agency,MHRA0000,76%,63%,78%,82%,69%,81%,50%,77%,73%,31%,47%,75%,28%,90%,79%,78%,63%,81%,79%,84%,69%,83%,81%,66%,76%,80%,67%,64%,66%,41%,85%,82%,77%,64%,50%,42%,45%,78%,84%,70%,77%,74%,77%,92%,73%,59%,67%,34%,32%,26%,60%,54%,44%,48%,37%,34%,60%,38%,47%,71%,58%,52%,51%,46%,44%,33%,90%,73%,66%,62%,78%,52%,67%,9%,20%,37%,35%,94%,70%,71%,8%,9%,38%,14%,36%,57%,8%,11%,70%,77%,64%,34%
Health and Social Care,Public Health England,PHE0000,81%,62%,79%,81%,70%,81%,55%,80%,76%,35%,45%,75%,28%,93%,80%,79%,64%,78%,81%,80%,71%,85%,83%,65%,76%,80%,67%,66%,71%,39%,84%,83%,77%,67%,58%,44%,49%,82%,86%,73%,80%,76%,79%,92%,78%,62%,70%,38%,36%,33%,53%,53%,50%,49%,31%,28%,59%,41%,45%,69%,58%,46%,51%,48%,51%,41%,91%,75%,71%,64%,79%,50%,67%,8%,15%,36%,42%,79%,54%,64%,10%,13%,55%,17%,32%,58%,13%,15%,69%,75%,65%,32%
HM Inspectorate of Constabulary and Fire & Rescue Services,Her Majesty's Inspectorate of Constabulary and Fire and Rescue Services,HMICFR0000,75%,67%,81%,87%,73%,85%,49%,82%,77%,49%,46%,78%,26%,95%,83%,83%,63%,80%,86%,89%,81%,87%,87%,72%,80%,84%,69%,65%,71%,38%,87%,88%,82%,58%,49%,43%,47%,80%,90%,80%,78%,69%,77%,92%,73%,75%,78%,52%,54%,42%,46%,44%,43%,48%,25%,34%,59%,52%,58%,79%,67%,56%,62%,55%,52%,30%,92%,77%,70%,78%,73%,52%,75%,10%,17%,47%,26%,86%,55%,76%,9%,13%,41%,23%,32%,60%,14%,26%,80%,81%,73%,25%
HM Revenue & Customs,HM Revenue and Customs,HMRC0000,60%,49%,66%,79%,69%,82%,52%,72%,68%,20%,37%,70%,33%,81%,75%,67%,46%,61%,78%,81%,69%,84%,79%,66%,73%,78%,69%,62%,67%,42%,88%,84%,74%,61%,50%,54%,44%,76%,84%,58%,71%,62%,72%,79%,62%,65%,71%,19%,24%,17%,55%,45%,34%,34%,25%,23%,50%,29%,38%,40%,38%,38%,35%,34%,36%,32%,86%,63%,64%,62%,72%,60%,58%,12%,13%,23%,51%,93%,70%,61%,15%,14%,46%,14%,39%,59%,19%,25%,62%,66%,57%,34%
HM Revenue & Customs,Valuation Office Agency,VOA0000,65%,54%,72%,80%,72%,79%,57%,79%,71%,28%,37%,72%,30%,85%,79%,72%,51%,72%,77%,82%,71%,88%,80%,70%,76%,81%,77%,65%,72%,43%,86%,81%,69%,62%,59%,57%,50%,82%,89%,66%,77%,62%,78%,82%,59%,67%,77%,27%,34%,22%,54%,45%,39%,34%,21%,19%,51%,30%,40%,42%,43%,46%,39%,39%,36%,26%,91%,64%,64%,64%,76%,58%,67%,9%,11%,27%,53%,91%,74%,71%,10%,8%,40%,17%,41%,50%,17%,22%,66%,70%,61%,31%
HM Treasury Group,HM Treasury,HMT0000,98%,74%,80%,85%,75%,84%,62%,82%,77%,28%,64%,75%,25%,91%,81%,79%,68%,82%,86%,84%,79%,91%,88%,68%,83%,86%,72%,70%,75%,41%,89%,85%,78%,66%,58%,66%,57%,88%,91%,77%,73%,79%,77%,90%,81%,65%,69%,30%,34%,20%,80%,72%,50%,73%,54%,53%,75%,52%,62%,88%,82%,65%,71%,67%,71%,52%,90%,76%,81%,73%,76%,62%,80%,5%,19%,51%,25%,95%,53%,82%,8%,10%,58%,24%,53%,46%,10%,18%,70%,70%,61%,40%
HM Treasury Group,Government Internal Audit Agency,GIAA0000,91%,56%,77%,85%,70%,77%,50%,77%,70%,33%,53%,73%,30%,92%,84%,79%,58%,73%,87%,85%,71%,88%,85%,65%,76%,80%,70%,64%,67%,37%,81%,76%,72%,59%,52%,45%,45%,78%,84%,69%,78%,70%,75%,90%,56%,59%,69%,35%,37%,28%,69%,58%,69%,53%,30%,38%,64%,45%,49%,49%,45%,35%,42%,42%,66%,51%,85%,68%,70%,67%,79%,83%,66%,7%,16%,40%,36%,98%,81%,79%,13%,11%,57%,9%,26%,60%,12%,29%,70%,74%,64%,30%
HM Treasury Group,National Infrastructure Commission,NIC0000,96%,67%,77%,86%,70%,75%,56%,74%,74%,47%,71%,73%,24%,86%,79%,72%,67%,81%,88%,84%,79%,81%,84%,67%,81%,72%,65%,65%,62%,37%,84%,74%,67%,74%,63%,40%,47%,74%,84%,65%,72%,74%,79%,84%,72%,65%,70%,47%,51%,42%,86%,81%,65%,72%,51%,63%,84%,74%,60%,79%,67%,45%,62%,62%,86%,64%,86%,77%,72%,74%,74%,60%,79%,10%,38%,40%,12%,93%,67%,90%,5%,9%,75%,0%,25%,50%,0%,75%,70%,67%,63%,33%
HM Treasury Group,UK Debt Management Office,DMO0000,70%,74%,77%,91%,76%,83%,49%,88%,83%,24%,67%,75%,23%,90%,76%,80%,70%,71%,92%,90%,77%,89%,82%,73%,78%,92%,68%,72%,78%,52%,89%,82%,77%,72%,40%,34%,48%,92%,93%,79%,87%,83%,87%,94%,81%,77%,78%,27%,27%,18%,82%,74%,67%,69%,51%,65%,73%,58%,57%,78%,71%,69%,64%,69%,48%,34%,87%,68%,76%,64%,77%,57%,72%,4%,17%,51%,28%,93%,83%,84%,2%,7%,67%,50%,67%,50%,0%,0%,74%,76%,72%,21%
Home Office,Home Office group (combined results),HO_GRP,60%,58%,70%,81%,67%,78%,51%,73%,69%,28%,43%,72%,32%,88%,76%,72%,52%,62%,79%,83%,68%,79%,77%,64%,72%,77%,65%,61%,64%,39%,83%,79%,72%,60%,50%,53%,43%,76%,82%,62%,73%,65%,73%,84%,62%,62%,67%,29%,30%,26%,60%,50%,44%,45%,32%,30%,55%,34%,41%,54%,50%,44%,46%,44%,42%,35%,86%,64%,63%,64%,72%,53%,58%,10%,16%,30%,45%,88%,62%,61%,16%,14%,49%,14%,35%,59%,21%,25%,64%,69%,60%,32%
Home Office,Home Office: Policy and Enablers,PE0000,76%,61%,78%,81%,71%,82%,58%,79%,72%,36%,47%,74%,28%,90%,80%,77%,64%,79%,79%,83%,72%,86%,84%,67%,78%,80%,66%,64%,68%,40%,85%,83%,77%,65%,53%,63%,52%,82%,85%,71%,78%,70%,73%,87%,67%,63%,70%,39%,38%,33%,65%,58%,38%,51%,32%,31%,60%,40%,49%,58%,58%,46%,49%,47%,52%,42%,89%,74%,66%,68%,76%,64%,68%,7%,17%,38%,38%,92%,62%,68%,12%,12%,52%,14%,35%,56%,20%,32%,68%,72%,63%,32%
Home Office,Home Office: Border Force,BF0000,45%,55%,66%,80%,63%,70%,45%,69%,61%,26%,37%,71%,35%,88%,76%,71%,44%,50%,79%,81%,64%,75%,72%,59%,69%,75%,60%,55%,61%,36%,80%,71%,61%,51%,46%,46%,37%,71%,79%,58%,67%,58%,68%,77%,50%,57%,55%,28%,24%,25%,52%,46%,40%,38%,25%,20%,49%,27%,32%,53%,43%,44%,42%,39%,32%,26%,82%,55%,51%,62%,68%,38%,52%,10%,12%,24%,54%,84%,58%,53%,20%,16%,45%,11%,31%,60%,19%,24%,63%,68%,60%,32%
Home Office,Home Office: HM Passport Office,HMPO0000,62%,57%,70%,82%,69%,85%,54%,72%,73%,21%,43%,72%,32%,87%,78%,74%,50%,60%,80%,84%,70%,79%,78%,70%,73%,77%,70%,65%,65%,44%,88%,86%,80%,64%,56%,52%,44%,74%,82%,60%,73%,68%,78%,85%,67%,66%,73%,20%,24%,18%,54%,44%,47%,39%,37%,36%,54%,34%,42%,55%,46%,44%,46%,44%,40%,36%,89%,68%,72%,61%,73%,57%,53%,11%,15%,25%,49%,85%,65%,59%,17%,15%,52%,14%,35%,60%,24%,23%,61%,67%,59%,32%
Home Office,Home Office: Immigration Enforcement,IE0000,61%,56%,70%,82%,66%,76%,50%,70%,67%,25%,41%,71%,33%,88%,77%,71%,51%,63%,81%,84%,66%,80%,76%,63%,70%,76%,65%,61%,64%,35%,80%,77%,70%,62%,50%,46%,42%,72%,79%,59%,70%,62%,71%,83%,60%,60%,65%,26%,26%,23%,56%,46%,44%,40%,30%,26%,53%,33%,39%,48%,45%,43%,44%,41%,40%,34%,83%,63%,61%,64%,69%,52%,55%,13%,19%,31%,37%,91%,67%,58%,18%,16%,47%,12%,30%,65%,23%,18%,64%,68%,61%,31%
Home Office,Home Office: UK Visas and Immigration,UKVI0000,60%,58%,67%,80%,66%,78%,50%,73%,72%,29%,46%,71%,32%,86%,72%,69%,50%,58%,77%,83%,68%,76%,74%,62%,71%,75%,64%,62%,62%,41%,84%,79%,72%,60%,48%,53%,41%,75%,83%,61%,74%,66%,76%,86%,66%,63%,72%,28%,31%,27%,64%,53%,50%,48%,37%,34%,54%,33%,43%,53%,52%,42%,47%,45%,45%,35%,86%,61%,66%,64%,74%,53%,58%,9%,16%,30%,45%,86%,61%,62%,13%,13%,50%,17%,40%,56%,21%,25%,62%,67%,58%,34%
"Housing, Communities and Local Government","Ministry of Housing, Communities and Local Government",MHCLG0000,97%,65%,78%,83%,73%,86%,61%,82%,74%,39%,58%,75%,26%,90%,80%,77%,63%,80%,82%,84%,76%,90%,87%,70%,81%,84%,68%,67%,71%,40%,91%,87%,81%,69%,60%,60%,56%,84%,88%,74%,82%,74%,71%,88%,76%,65%,73%,40%,42%,36%,76%,68%,51%,63%,47%,44%,70%,48%,59%,66%,71%,50%,56%,55%,65%,49%,88%,76%,73%,72%,81%,79%,76%,9%,24%,42%,25%,97%,65%,78%,11%,10%,55%,14%,44%,60%,20%,37%,69%,72%,64%,33%
"Housing, Communities and Local Government",Planning Inspectorate,PINS0000,70%,63%,82%,88%,78%,78%,60%,81%,75%,34%,50%,76%,25%,94%,91%,86%,56%,81%,87%,89%,77%,91%,87%,77%,87%,85%,78%,73%,79%,42%,85%,79%,70%,67%,61%,50%,60%,86%,91%,70%,77%,79%,83%,90%,78%,56%,61%,35%,40%,27%,60%,54%,53%,45%,30%,30%,68%,55%,52%,66%,53%,54%,57%,52%,46%,29%,94%,64%,64%,69%,75%,68%,74%,4%,9%,35%,52%,92%,67%,82%,6%,6%,42%,19%,41%,46%,17%,19%,66%,73%,60%,33%
International Development,Department for International Development,DFID0000,82%,69%,78%,84%,72%,79%,51%,76%,72%,33%,45%,74%,30%,93%,82%,79%,61%,78%,84%,85%,72%,86%,83%,66%,73%,82%,74%,69%,71%,41%,82%,81%,76%,49%,49%,52%,53%,79%,85%,70%,71%,71%,80%,88%,72%,56%,65%,35%,35%,30%,67%,54%,39%,44%,31%,25%,59%,39%,45%,81%,66%,64%,62%,59%,51%,45%,88%,70%,74%,65%,73%,69%,63%,7%,12%,35%,45%,96%,75%,75%,16%,15%,58%,16%,40%,55%,15%,18%,65%,74%,60%,36%
International Trade,Department for International Trade,DIT0000,93%,65%,78%,85%,71%,81%,59%,80%,71%,24%,51%,74%,29%,91%,81%,77%,59%,79%,85%,86%,73%,85%,83%,70%,76%,81%,66%,65%,66%,43%,84%,82%,79%,67%,59%,56%,54%,82%,86%,72%,80%,67%,73%,89%,69%,59%,67%,26%,27%,20%,69%,60%,54%,53%,37%,35%,62%,38%,50%,71%,62%,49%,55%,54%,55%,41%,88%,75%,68%,68%,80%,62%,70%,8%,21%,44%,26%,89%,60%,70%,13%,14%,56%,17%,38%,50%,19%,28%,71%,74%,67%,34%
Justice,Ministry of Justice group (including agencies),MOJ_GRP,53%,59%,72%,79%,67%,78%,51%,74%,70%,26%,42%,73%,32%,89%,80%,75%,52%,65%,78%,80%,70%,78%,77%,64%,72%,76%,66%,63%,65%,42%,83%,79%,72%,61%,50%,50%,44%,76%,83%,63%,73%,67%,77%,88%,67%,59%,65%,25%,31%,22%,56%,52%,42%,43%,32%,28%,51%,33%,40%,60%,46%,51%,47%,45%,39%,32%,89%,66%,65%,67%,73%,48%,60%,9%,13%,26%,52%,82%,64%,63%,13%,13%,50%,16%,38%,56%,20%,23%,64%,70%,61%,34%
Justice,Ministry of Justice Headquarters,MOJHQ0000,82%,64%,79%,80%,72%,84%,58%,82%,73%,37%,50%,74%,27%,90%,81%,77%,63%,84%,78%,82%,75%,90%,86%,66%,79%,82%,70%,65%,70%,42%,87%,85%,80%,66%,54%,60%,50%,84%,87%,73%,84%,69%,71%,88%,72%,64%,76%,38%,43%,30%,69%,60%,42%,51%,35%,34%,62%,42%,52%,71%,63%,50%,52%,50%,55%,42%,91%,77%,70%,70%,82%,68%,71%,8%,18%,39%,36%,93%,67%,73%,11%,10%,56%,14%,38%,59%,19%,36%,69%,73%,65%,33%
Justice,Criminal Injuries Compensation Authority,CICA0000,81%,61%,71%,83%,67%,74%,54%,75%,74%,12%,46%,72%,34%,90%,79%,80%,48%,57%,84%,83%,67%,79%,74%,70%,71%,71%,67%,67%,64%,42%,81%,76%,65%,67%,53%,51%,44%,74%,83%,64%,78%,71%,72%,88%,77%,65%,74%,8%,19%,8%,58%,49%,53%,45%,36%,38%,56%,33%,42%,66%,50%,63%,54%,51%,42%,35%,83%,57%,67%,64%,74%,61%,54%,21%,19%,27%,33%,91%,69%,66%,17%,17%,35%,11%,25%,72%,34%,15%,60%,71%,60%,39%
Justice,HM Courts and Tribunals Service,HMCTS0000,61%,54%,70%,75%,66%,79%,48%,74%,72%,17%,40%,72%,32%,87%,77%,74%,50%,62%,73%,77%,67%,79%,76%,61%,70%,75%,64%,61%,64%,41%,84%,81%,72%,64%,45%,44%,38%,77%,83%,62%,73%,68%,78%,88%,66%,61%,69%,14%,24%,12%,53%,47%,44%,39%,30%,27%,51%,31%,40%,50%,38%,42%,42%,39%,39%,33%,91%,67%,67%,63%,72%,52%,58%,11%,16%,27%,47%,86%,72%,66%,11%,12%,50%,16%,35%,54%,21%,19%,62%,68%,59%,33%
Justice,HM Prison and Probation Service Headquarters,HMPPHQ0000,60%,66%,83%,88%,77%,85%,61%,81%,76%,49%,50%,77%,26%,94%,86%,83%,67%,82%,86%,89%,79%,88%,86%,74%,83%,84%,75%,73%,75%,47%,88%,86%,82%,64%,57%,63%,60%,82%,88%,76%,78%,76%,82%,92%,69%,67%,73%,52%,54%,42%,63%,62%,54%,57%,36%,35%,59%,42%,46%,71%,58%,65%,57%,56%,49%,38%,92%,78%,70%,76%,80%,52%,72%,4%,10%,28%,58%,90%,69%,69%,12%,10%,46%,12%,35%,61%,13%,25%,73%,78%,68%,31%
Justice,HM Prison Service,HMPS0000,28%,58%,70%,73%,59%,73%,48%,68%,65%,25%,38%,71%,35%,87%,80%,72%,51%,61%,72%,73%,63%,66%,70%,56%,65%,68%,54%,54%,56%,38%,78%,73%,66%,52%,48%,48%,45%,70%,78%,56%,68%,61%,71%,85%,62%,53%,57%,25%,27%,23%,50%,49%,38%,39%,31%,27%,42%,29%,34%,62%,39%,55%,46%,42%,29%,26%,85%,61%,57%,72%,70%,33%,53%,9%,11%,20%,60%,71%,58%,53%,16%,16%,46%,15%,38%,56%,20%,24%,64%,69%,60%,32%
Justice,Legal Aid Agency,LAA0000,84%,71%,83%,92%,83%,90%,68%,88%,86%,32%,66%,77%,21%,90%,85%,83%,71%,84%,90%,93%,82%,93%,90%,83%,86%,87%,85%,79%,81%,61%,92%,90%,88%,83%,65%,65%,57%,88%,91%,80%,91%,81%,90%,94%,79%,83%,88%,25%,48%,22%,73%,68%,69%,64%,61%,56%,74%,57%,69%,73%,76%,66%,67%,67%,69%,66%,95%,85%,83%,81%,91%,79%,78%,4%,13%,28%,54%,92%,77%,80%,8%,6%,42%,11%,29%,58%,12%,10%,72%,77%,68%,29%
Justice,Ministry of Justice Arm’s Length and Other Bodies,ALOB0000,75%,64%,77%,87%,69%,79%,46%,75%,74%,29%,55%,73%,29%,91%,80%,79%,59%,74%,86%,88%,71%,85%,80%,68%,74%,78%,69%,62%,64%,40%,84%,80%,72%,60%,45%,40%,40%,75%,83%,65%,76%,72%,78%,91%,72%,60%,70%,29%,32%,25%,73%,60%,56%,56%,43%,42%,66%,47%,54%,70%,57%,57%,54%,54%,53%,39%,85%,67%,67%,64%,76%,53%,62%,12%,23%,38%,27%,81%,55%,63%,13%,11%,44%,9%,31%,62%,17%,24%,64%,69%,61%,33%
Justice,National Probation Service,NPS0000,71%,60%,74%,84%,68%,77%,50%,74%,67%,25%,37%,75%,33%,94%,86%,79%,47%,64%,83%,85%,71%,79%,77%,67%,73%,78%,67%,66%,65%,37%,83%,79%,69%,57%,53%,45%,44%,77%,85%,63%,71%,64%,78%,89%,64%,48%,56%,24%,29%,22%,53%,54%,34%,43%,26%,18%,48%,27%,34%,63%,43%,55%,47%,44%,35%,28%,89%,63%,61%,66%,71%,40%,61%,8%,12%,28%,53%,81%,55%,61%,14%,13%,56%,20%,41%,54%,19%,21%,64%,73%,60%,36%
Justice,Office of the Public Guardian,OPG0000,76%,62%,68%,85%,73%,79%,53%,74%,75%,18%,48%,71%,31%,85%,71%,70%,51%,65%,84%,87%,74%,81%,77%,70%,74%,79%,77%,73%,72%,51%,84%,80%,72%,64%,51%,55%,44%,74%,82%,62%,78%,72%,82%,88%,71%,65%,71%,17%,24%,14%,62%,49%,55%,45%,36%,42%,55%,38%,44%,66%,57%,49%,54%,52%,42%,37%,88%,63%,64%,61%,76%,55%,61%,13%,22%,33%,32%,84%,62%,61%,20%,17%,50%,17%,40%,52%,26%,25%,59%,63%,52%,35%
National Crime Agency,National Crime Agency,NCA0000,68%,59%,73%,81%,65%,79%,43%,74%,63%,30%,38%,74%,32%,89%,76%,75%,54%,69%,83%,80%,66%,83%,79%,61%,71%,77%,59%,54%,62%,34%,84%,81%,72%,44%,45%,42%,40%,78%,85%,62%,74%,61%,67%,79%,47%,57%,68%,32%,31%,27%,53%,46%,45%,40%,21%,22%,48%,28%,36%,65%,43%,48%,46%,44%,44%,31%,86%,69%,59%,71%,76%,45%,61%,8%,14%,31%,47%,91%,67%,63%,15%,12%,50%,12%,36%,56%,20%,26%,69%,75%,65%,27%
National Savings and Investments,National Savings and Investments,NSANDI0000,95%,67%,81%,85%,74%,82%,63%,79%,76%,42%,57%,75%,27%,92%,80%,79%,68%,83%,83%,87%,75%,88%,87%,76%,78%,82%,72%,66%,67%,42%,83%,81%,82%,82%,64%,48%,59%,80%,86%,71%,80%,69%,79%,91%,74%,63%,79%,40%,55%,30%,71%,57%,50%,55%,41%,50%,68%,54%,65%,69%,65%,63%,55%,56%,58%,53%,90%,78%,78%,70%,79%,63%,72%,6%,20%,39%,35%,89%,70%,75%,7%,13%,60%,25%,29%,57%,8%,4%,73%,80%,70%,31%
Office of Qualifications and Examinations Regulation,Office of Qualifications and Examinations Regulation,OFQUAL0000,93%,70%,80%,93%,79%,88%,58%,81%,81%,60%,69%,76%,23%,91%,81%,80%,64%,84%,91%,95%,83%,86%,88%,83%,84%,88%,80%,73%,75%,48%,90%,90%,85%,70%,57%,55%,50%,84%,88%,73%,81%,77%,84%,93%,90%,67%,77%,61%,63%,56%,76%,77%,77%,74%,60%,63%,80%,53%,62%,74%,74%,55%,68%,68%,71%,56%,87%,76%,75%,69%,81%,73%,81%,6%,16%,42%,37%,95%,69%,78%,8%,8%,53%,23%,43%,50%,29%,29%,71%,73%,62%,30%
Office of Rail and Road,Office of Rail and Road,ORR0000,84%,63%,83%,84%,74%,84%,60%,79%,79%,28%,58%,74%,24%,91%,81%,81%,75%,88%,82%,85%,73%,91%,88%,72%,81%,83%,72%,67%,69%,44%,88%,84%,80%,73%,66%,43%,57%,83%,87%,69%,78%,76%,84%,93%,77%,70%,76%,30%,28%,27%,74%,66%,43%,63%,47%,41%,72%,55%,58%,59%,62%,45%,54%,51%,61%,44%,94%,83%,71%,67%,70%,53%,69%,7%,22%,40%,31%,89%,61%,71%,9%,7%,61%,28%,56%,61%,11%,17%,70%,70%,65%,29%
Ofgem,Office of Gas and Electricity Markets,OFGEM0000,85%,64%,78%,85%,72%,85%,50%,83%,72%,30%,48%,74%,27%,89%,79%,76%,65%,83%,83%,86%,75%,90%,87%,66%,78%,82%,70%,64%,68%,40%,88%,87%,81%,56%,46%,52%,44%,87%,89%,73%,82%,71%,70%,90%,68%,57%,73%,31%,35%,25%,69%,59%,44%,53%,26%,29%,58%,43%,53%,68%,67%,48%,51%,49%,46%,23%,92%,77%,77%,70%,82%,53%,71%,7%,22%,48%,24%,84%,51%,71%,9%,8%,48%,11%,48%,50%,12%,32%,68%,70%,61%,32%
Ofsted,Ofsted,OFSTED0000,85%,71%,80%,93%,78%,86%,63%,83%,77%,51%,65%,78%,24%,93%,86%,86%,61%,75%,93%,92%,79%,88%,85%,78%,82%,86%,80%,75%,77%,48%,91%,88%,80%,74%,67%,54%,56%,84%,90%,78%,80%,78%,84%,94%,75%,64%,67%,50%,58%,45%,81%,78%,72%,72%,50%,51%,77%,54%,54%,76%,70%,64%,67%,65%,66%,53%,90%,73%,75%,73%,80%,71%,80%,5%,12%,37%,46%,91%,73%,80%,7%,8%,44%,17%,38%,52%,10%,11%,71%,78%,65%,32%
Scottish Government,Scottish Government,SG0000,81%,67%,80%,83%,74%,83%,60%,83%,76%,52%,49%,75%,27%,92%,83%,79%,65%,82%,82%,84%,75%,89%,86%,66%,80%,84%,72%,68%,75%,42%,88%,84%,78%,65%,56%,65%,53%,86%,87%,75%,84%,73%,76%,91%,77%,66%,75%,53%,56%,45%,61%,59%,46%,56%,35%,35%,63%,42%,48%,71%,74%,55%,56%,52%,53%,40%,91%,76%,66%,66%,83%,47%,68%,3%,6%,26%,65%,94%,67%,74%,9%,11%,57%,16%,41%,55%,16%,30%,71%,74%,65%,31%
Scottish Government,Accountant in Bankruptcy,AIB0000,78%,63%,71%,79%,74%,82%,54%,79%,78%,46%,57%,70%,28%,83%,75%,68%,54%,75%,79%,79%,68%,92%,87%,71%,77%,86%,76%,70%,75%,38%,81%,88%,75%,70%,56%,39%,52%,86%,81%,61%,86%,73%,75%,91%,75%,69%,85%,43%,56%,38%,81%,67%,50%,64%,39%,40%,63%,49%,57%,56%,64%,55%,51%,50%,56%,42%,88%,74%,79%,68%,77%,51%,69%,8%,13%,26%,53%,97%,86%,77%,8%,8%,50%,25%,50%,50%,13%,25%,60%,63%,57%,32%
Scottish Government,Crown Office and Procurator Fiscal Service,COPFS0000,60%,63%,77%,87%,70%,77%,50%,77%,73%,28%,38%,76%,30%,93%,83%,82%,54%,72%,88%,86%,71%,84%,80%,65%,76%,81%,70%,65%,71%,38%,85%,81%,67%,63%,47%,51%,40%,81%,87%,65%,76%,72%,80%,89%,69%,60%,69%,27%,36%,20%,40%,47%,36%,44%,29%,30%,51%,31%,37%,64%,52%,59%,51%,48%,39%,26%,92%,68%,58%,60%,74%,33%,64%,7%,9%,23%,61%,89%,60%,64%,10%,12%,50%,19%,47%,57%,18%,39%,72%,76%,64%,33%
Scottish Government,Disclosure Scotland,DS0000,80%,57%,70%,84%,68%,79%,47%,73%,65%,38%,38%,72%,33%,88%,76%,71%,50%,66%,83%,85%,70%,87%,79%,67%,73%,77%,65%,63%,61%,38%,85%,82%,70%,59%,48%,45%,36%,75%,79%,62%,75%,58%,65%,85%,57%,57%,69%,37%,42%,35%,55%,40%,41%,32%,21%,29%,48%,37%,40%,57%,47%,46%,49%,48%,42%,33%,91%,66%,57%,64%,74%,50%,53%,20%,20%,32%,28%,93%,72%,62%,12%,15%,47%,9%,45%,58%,22%,19%,63%,69%,59%,32%
Scottish Government,Education Scotland,ES0000,71%,60%,76%,78%,66%,84%,48%,71%,70%,51%,47%,79%,28%,92%,84%,79%,52%,72%,78%,78%,69%,78%,78%,65%,70%,76%,65%,59%,65%,32%,88%,88%,75%,50%,54%,44%,44%,75%,82%,62%,65%,64%,71%,93%,68%,61%,65%,56%,52%,45%,56%,53%,57%,51%,34%,33%,64%,46%,32%,62%,48%,46%,50%,46%,57%,36%,82%,63%,49%,52%,60%,53%,61%,8%,13%,31%,47%,95%,74%,72%,10%,12%,57%,11%,35%,64%,12%,19%,79%,82%,77%,22%
Scottish Government,Food Standards Scotland,FSS0000,78%,70%,78%,92%,70%,82%,66%,78%,79%,44%,57%,77%,28%,94%,87%,82%,61%,68%,91%,92%,75%,78%,78%,76%,75%,75%,66%,64%,72%,40%,87%,83%,76%,73%,66%,65%,61%,80%,85%,71%,77%,85%,82%,95%,85%,66%,63%,43%,58%,31%,63%,61%,61%,63%,48%,50%,70%,53%,50%,73%,71%,58%,62%,59%,54%,30%,90%,70%,72%,60%,76%,64%,70%,6%,3%,30%,60%,96%,75%,75%,11%,13%,68%,27%,45%,55%,18%,5%,70%,78%,63%,35%
Scottish Government,Forestry and Land Scotland,FLS0000,71%,59%,75%,75%,64%,71%,41%,70%,64%,36%,33%,72%,32%,90%,79%,73%,55%,78%,71%,79%,63%,78%,77%,60%,67%,76%,61%,57%,64%,36%,75%,73%,65%,44%,44%,40%,38%,77%,79%,59%,65%,55%,67%,84%,60%,53%,63%,37%,41%,31%,37%,34%,27%,28%,19%,20%,49%,38%,40%,59%,52%,51%,44%,38%,30%,18%,88%,69%,61%,62%,65%,26%,52%,9%,12%,23%,56%,80%,42%,53%,12%,11%,49%,21%,34%,68%,23%,13%,62%,69%,58%,30%
Scottish Government,National Records of Scotland,NRS0000,62%,56%,75%,72%,69%,79%,45%,74%,70%,44%,31%,72%,31%,93%,78%,75%,52%,78%,69%,74%,69%,88%,84%,62%,73%,82%,67%,61%,69%,33%,84%,82%,71%,63%,45%,31%,40%,81%,83%,61%,72%,63%,73%,87%,63%,63%,73%,45%,48%,37%,42%,36%,32%,32%,13%,18%,41%,29%,33%,58%,40%,44%,35%,31%,34%,19%,86%,66%,49%,60%,63%,45%,49%,12%,15%,40%,32%,91%,66%,68%,10%,14%,62%,6%,31%,77%,15%,15%,60%,62%,53%,35%
Scottish Government,Office of the Scottish Charity Regulator,OSCR0000,93%,60%,85%,85%,67%,80%,49%,64%,66%,63%,49%,74%,31%,95%,86%,81%,74%,88%,86%,83%,71%,90%,76%,71%,60%,71%,74%,55%,63%,36%,81%,86%,74%,60%,57%,33%,45%,71%,71%,50%,64%,67%,62%,81%,69%,48%,71%,64%,62%,64%,83%,48%,38%,50%,31%,36%,55%,60%,45%,51%,52%,44%,41%,39%,57%,26%,88%,63%,49%,40%,59%,62%,52%,5%,27%,29%,39%,98%,81%,71%,17%,10%,75%,0%,50%,75%,50%,50%,64%,71%,63%,29%
Scottish Government,Registers of Scotland,ROS0000,73%,59%,71%,81%,62%,80%,42%,79%,75%,55%,41%,71%,29%,86%,78%,70%,51%,71%,80%,82%,62%,85%,74%,61%,70%,72%,57%,52%,60%,31%,88%,81%,69%,48%,41%,43%,37%,85%,88%,63%,79%,69%,69%,85%,74%,73%,78%,54%,58%,54%,49%,41%,48%,40%,29%,35%,53%,33%,41%,49%,60%,43%,41%,40%,44%,32%,94%,65%,60%,57%,75%,39%,59%,5%,6%,27%,61%,88%,57%,70%,8%,8%,52%,17%,37%,45%,12%,18%,66%,66%,58%,30%
Scottish Government,Revenue Scotland,RS0000,87%,54%,65%,81%,71%,80%,47%,74%,63%,58%,52%,71%,33%,78%,66%,60%,48%,74%,81%,81%,66%,86%,85%,70%,71%,85%,70%,58%,71%,47%,84%,82%,74%,63%,49%,34%,40%,77%,85%,56%,77%,51%,62%,82%,62%,51%,71%,59%,56%,60%,75%,59%,52%,58%,33%,33%,59%,40%,56%,45%,38%,27%,38%,40%,53%,45%,85%,66%,66%,60%,74%,60%,62%,16%,40%,27%,16%,95%,78%,69%,12%,15%,45%,14%,67%,50%,13%,11%,74%,78%,64%,32%
Scottish Government,Scottish Courts and Tribunals Service,SCTS0000,70%,66%,76%,90%,70%,79%,59%,78%,80%,41%,49%,76%,28%,92%,80%,80%,57%,72%,89%,90%,69%,79%,78%,66%,73%,79%,71%,68%,74%,41%,84%,79%,73%,70%,52%,61%,54%,80%,83%,69%,81%,76%,86%,93%,79%,70%,75%,37%,51%,35%,50%,51%,54%,50%,40%,42%,63%,40%,49%,70%,65%,55%,57%,54%,54%,51%,92%,72%,71%,70%,77%,44%,65%,5%,9%,26%,59%,88%,73%,74%,10%,13%,50%,18%,37%,55%,18%,17%,74%,78%,68%,28%
Scottish Government,Scottish Forestry,SF0000,86%,57%,77%,82%,68%,80%,41%,77%,66%,35%,43%,73%,30%,93%,85%,70%,60%,78%,80%,83%,67%,85%,81%,65%,77%,78%,62%,59%,67%,36%,87%,86%,68%,42%,42%,44%,38%,82%,85%,66%,75%,67%,74%,83%,55%,55%,60%,39%,37%,28%,48%,48%,43%,44%,34%,28%,51%,36%,50%,61%,55%,46%,41%,39%,40%,30%,88%,66%,67%,66%,70%,32%,60%,8%,18%,29%,44%,90%,40%,61%,8%,10%,27%,7%,14%,47%,15%,8%,63%,70%,54%,33%
Scottish Government,Scottish Housing Regulator,SHR0000,90%,70%,84%,96%,80%,86%,63%,89%,81%,67%,73%,79%,21%,93%,80%,85%,78%,83%,96%,96%,83%,96%,93%,83%,89%,85%,83%,78%,78%,37%,89%,87%,80%,87%,70%,37%,57%,93%,91%,78%,91%,78%,87%,93%,78%,67%,80%,70%,72%,60%,91%,83%,70%,83%,59%,54%,78%,67%,73%,67%,76%,50%,70%,74%,72%,54%,85%,67%,83%,76%,80%,85%,76%,4%,7%,39%,50%,98%,91%,89%,2%,7%,33%,0%,100%,33%,50%,100%,78%,80%,64%,24%
Scottish Government,Scottish Prison Service,SPS0000,27%,54%,68%,76%,55%,68%,46%,62%,69%,31%,29%,71%,37%,88%,77%,68%,46%,59%,76%,75%,57%,68%,67%,51%,60%,65%,49%,50%,52%,27%,78%,70%,56%,53%,44%,42%,44%,68%,75%,48%,59%,61%,68%,89%,72%,58%,65%,32%,33%,27%,41%,33%,28%,30%,22%,22%,35%,23%,27%,54%,40%,48%,36%,34%,21%,15%,83%,52%,46%,65%,60%,30%,44%,11%,13%,21%,56%,85%,67%,53%,19%,18%,43%,7%,31%,66%,25%,20%,67%,71%,63%,30%
Scottish Government,Scottish Public Pensions Agency,SPPA0000,76%,47%,57%,64%,56%,71%,32%,56%,59%,39%,23%,67%,40%,76%,69%,56%,27%,57%,62%,66%,57%,81%,68%,49%,59%,70%,57%,44%,53%,22%,79%,74%,61%,44%,31%,28%,26%,60%,70%,41%,52%,49%,50%,78%,56%,52%,67%,36%,44%,37%,33%,29%,34%,21%,11%,14%,25%,18%,16%,33%,35%,29%,23%,20%,23%,14%,83%,48%,39%,41%,48%,60%,44%,16%,19%,29%,37%,96%,73%,52%,20%,16%,49%,14%,36%,66%,25%,19%,60%,61%,50%,34%
Scottish Government,Social Security Scotland,SSS0000,85%,82%,83%,94%,81%,91%,76%,90%,82%,69%,76%,80%,21%,96%,82%,88%,70%,79%,94%,94%,85%,90%,89%,83%,88%,86%,80%,78%,80%,51%,93%,93%,85%,80%,76%,81%,69%,92%,93%,83%,92%,74%,83%,93%,77%,80%,87%,68%,75%,64%,86%,83%,82%,78%,66%,68%,75%,65%,78%,90%,90%,75%,85%,84%,76%,40%,93%,85%,87%,81%,92%,59%,84%,1%,7%,22%,70%,93%,72%,86%,10%,11%,65%,25%,56%,37%,12%,42%,76%,78%,68%,29%
Scottish Government,Student Awards Agency Scotland,SAAS0000,61%,59%,70%,84%,70%,83%,51%,80%,79%,37%,45%,72%,28%,84%,70%,71%,57%,70%,85%,84%,70%,89%,84%,64%,76%,82%,65%,63%,70%,41%,87%,88%,73%,58%,50%,47%,47%,85%,85%,70%,81%,77%,76%,89%,81%,75%,80%,37%,43%,32%,42%,51%,71%,52%,32%,36%,48%,36%,41%,45%,55%,37%,43%,41%,45%,33%,92%,67%,61%,65%,75%,55%,64%,14%,21%,39%,26%,97%,70%,72%,7%,10%,59%,13%,53%,47%,20%,21%,60%,66%,60%,29%
Scottish Government,Transport Scotland,TS0000,75%,64%,80%,82%,71%,82%,54%,84%,75%,44%,54%,74%,28%,90%,82%,80%,64%,83%,78%,85%,71%,91%,86%,64%,81%,82%,66%,62%,70%,35%,86%,82%,77%,62%,52%,53%,49%,86%,89%,78%,82%,74%,71%,90%,75%,65%,76%,45%,49%,38%,66%,61%,60%,63%,37%,43%,64%,41%,53%,67%,70%,49%,51%,49%,57%,36%,87%,73%,66%,64%,77%,47%,66%,5%,14%,37%,44%,91%,63%,75%,11%,12%,53%,13%,40%,62%,20%,33%,71%,73%,65%,29%
Territorial Offices,"Scotland, Wales and Northern Ireland Offices, and the Office of the Advocate General",SWNIO0000,85%,67%,81%,88%,73%,83%,50%,80%,72%,39%,61%,76%,27%,93%,81%,80%,66%,83%,86%,90%,75%,87%,86%,76%,81%,83%,65%,64%,68%,42%,90%,83%,77%,61%,47%,46%,46%,83%,84%,75%,77%,73%,69%,93%,80%,54%,62%,41%,40%,35%,81%,69%,50%,68%,50%,50%,68%,53%,58%,66%,67%,60%,62%,58%,66%,41%,91%,80%,79%,66%,75%,74%,75%,13%,28%,38%,21%,96%,69%,76%,10%,11%,53%,13%,42%,56%,19%,18%,68%,74%,64%,34%
Transport,Department for Transport,DFT0000,92%,64%,79%,79%,73%,82%,63%,82%,75%,34%,58%,74%,26%,90%,80%,79%,65%,84%,78%,81%,74%,89%,87%,64%,80%,82%,72%,67%,72%,41%,86%,82%,78%,73%,58%,64%,56%,84%,87%,73%,82%,74%,75%,89%,78%,65%,71%,36%,36%,31%,74%,64%,47%,60%,49%,44%,72%,50%,60%,63%,71%,48%,54%,50%,58%,43%,89%,77%,72%,70%,81%,76%,71%,7%,19%,45%,28%,96%,63%,75%,11%,11%,51%,14%,38%,57%,17%,29%,69%,71%,63%,30%
Transport,Driver and Vehicle Licensing Agency,DVLA0000,72%,63%,70%,84%,79%,83%,58%,79%,79%,36%,49%,72%,28%,84%,77%,71%,53%,62%,82%,86%,79%,88%,84%,76%,81%,86%,85%,77%,77%,59%,89%,84%,78%,72%,52%,61%,49%,82%,87%,68%,79%,78%,81%,90%,78%,71%,76%,32%,43%,32%,64%,54%,52%,48%,40%,38%,60%,39%,48%,60%,65%,49%,52%,51%,48%,41%,91%,70%,75%,67%,80%,65%,68%,5%,8%,17%,70%,88%,69%,73%,9%,9%,49%,17%,44%,57%,20%,23%,65%,69%,61%,35%
Transport,Driver and Vehicle Standards Agency,DVSA0000,84%,57%,67%,75%,70%,76%,48%,72%,71%,17%,39%,73%,32%,88%,76%,73%,46%,53%,73%,77%,71%,81%,76%,68%,74%,79%,74%,66%,69%,47%,83%,77%,67%,60%,46%,45%,41%,76%,83%,59%,71%,66%,77%,86%,70%,61%,66%,15%,22%,14%,40%,40%,44%,36%,34%,37%,54%,32%,37%,55%,46%,45%,43%,41%,34%,29%,87%,59%,60%,68%,74%,56%,60%,9%,10%,24%,56%,93%,73%,63%,15%,16%,46%,15%,29%,52%,20%,10%,63%,70%,61%,32%
Transport,Maritime and Coastguard Agency,MCA0000,87%,65%,75%,81%,67%,79%,52%,73%,69%,34%,46%,75%,31%,93%,82%,81%,53%,66%,80%,82%,67%,80%,76%,61%,69%,75%,67%,61%,67%,46%,86%,82%,69%,61%,52%,47%,49%,78%,82%,64%,68%,65%,76%,87%,66%,58%,62%,34%,39%,28%,57%,52%,63%,49%,28%,35%,53%,33%,41%,75%,57%,60%,52%,49%,43%,34%,87%,64%,64%,63%,71%,62%,62%,8%,13%,26%,54%,92%,71%,65%,13%,14%,54%,23%,39%,55%,17%,13%,64%,70%,61%,31%
Transport,Vehicle Certification Agency,VCA0000,75%,63%,76%,75%,64%,76%,49%,79%,66%,38%,50%,73%,30%,89%,84%,77%,57%,76%,71%,78%,64%,88%,81%,63%,72%,77%,50%,51%,61%,39%,80%,76%,72%,58%,54%,41%,46%,82%,84%,66%,82%,64%,64%,86%,64%,59%,60%,37%,45%,31%,68%,62%,47%,54%,36%,41%,55%,40%,52%,66%,64%,48%,50%,45%,43%,27%,91%,74%,71%,63%,75%,57%,70%,4%,12%,35%,49%,83%,59%,66%,9%,7%,46%,0%,8%,92%,9%,8%,66%,70%,63%,32%
UK Export Finance,UK Export Finance,UKEF0000,86%,64%,79%,92%,71%,81%,59%,75%,74%,24%,55%,75%,28%,92%,82%,77%,63%,80%,92%,91%,75%,87%,84%,71%,76%,77%,68%,66%,65%,43%,85%,81%,77%,74%,63%,44%,56%,80%,83%,64%,73%,68%,77%,91%,71%,63%,74%,24%,29%,18%,72%,66%,68%,62%,34%,38%,61%,43%,52%,66%,61%,58%,56%,56%,56%,43%,88%,69%,73%,62%,76%,79%,65%,9%,22%,35%,34%,98%,75%,73%,12%,14%,53%,26%,36%,49%,13%,16%,71%,74%,68%,30%
UK Statistics Authority,UK Statistics Authority group (including ONS),UKSA_GRP,80%,63%,74%,78%,70%,82%,58%,79%,74%,35%,42%,73%,28%,88%,76%,75%,55%,76%,76%,80%,71%,86%,82%,65%,77%,79%,67%,63%,67%,39%,86%,82%,79%,69%,55%,57%,51%,82%,86%,68%,82%,69%,72%,88%,74%,68%,76%,34%,43%,28%,47%,42%,43%,40%,27%,32%,60%,39%,47%,67%,66%,47%,50%,48%,43%,36%,89%,73%,68%,67%,82%,57%,65%,7%,12%,31%,50%,86%,52%,66%,12%,12%,46%,15%,38%,55%,17%,29%,69%,72%,62%,31%
UK Statistics Authority,UK Statistics Authority,UKSA0000,100%,72%,85%,90%,76%,93%,65%,91%,83%,40%,75%,77%,21%,92%,92%,86%,69%,86%,91%,90%,81%,91%,91%,78%,84%,87%,71%,67%,76%,38%,91%,94%,94%,84%,63%,52%,61%,93%,92%,87%,92%,87%,79%,94%,84%,71%,80%,40%,52%,28%,84%,79%,86%,85%,64%,71%,67%,66%,70%,84%,81%,58%,59%,59%,66%,51%,91%,84%,84%,74%,88%,79%,80%,6%,26%,34%,35%,97%,66%,86%,5%,8%,29%,33%,33%,50%,0%,29%,73%,70%,66%,33%
UK Statistics Authority,Office for National Statistics,ONS0000,79%,63%,74%,78%,69%,82%,58%,79%,74%,35%,41%,73%,29%,88%,76%,75%,55%,76%,76%,80%,71%,86%,82%,65%,76%,79%,67%,62%,67%,39%,86%,82%,78%,69%,55%,57%,50%,82%,86%,67%,82%,68%,71%,88%,74%,68%,76%,34%,43%,28%,47%,42%,42%,39%,26%,32%,60%,38%,47%,67%,66%,47%,49%,48%,43%,35%,89%,73%,68%,66%,81%,57%,64%,7%,12%,31%,50%,86%,51%,66%,12%,13%,46%,15%,38%,55%,17%,29%,69%,72%,62%,31%
Water Regulation Services Authority (Ofwat),Water Regulation Services Authority (Ofwat),OFWAT0000,66%,66%,76%,80%,67%,84%,54%,81%,75%,49%,61%,73%,27%,91%,75%,73%,63%,79%,83%,78%,69%,85%,83%,68%,78%,78%,57%,62%,67%,28%,89%,87%,76%,61%,54%,46%,54%,84%,91%,67%,80%,73%,73%,92%,82%,64%,67%,53%,51%,43%,73%,61%,66%,67%,42%,49%,71%,62%,60%,69%,72%,53%,62%,62%,56%,38%,92%,72%,76%,67%,76%,33%,66%,7%,21%,41%,31%,73%,44%,71%,6%,9%,53%,20%,60%,33%,7%,7%,73%,70%,58%,37%
Welsh Revenue Authority,Welsh Revenue Authority,WRA0000,89%,80%,83%,93%,80%,89%,57%,88%,83%,78%,75%,77%,20%,94%,83%,82%,68%,89%,94%,92%,82%,91%,92%,82%,88%,86%,77%,74%,80%,54%,92%,88%,88%,65%,63%,45%,55%,94%,92%,75%,89%,88%,77%,91%,89%,72%,83%,78%,82%,75%,88%,80%,74%,82%,65%,77%,74%,63%,74%,80%,92%,74%,78%,77%,74%,49%,91%,88%,92%,75%,88%,72%,83%,5%,15%,40%,40%,97%,78%,88%,8%,5%,33%,0%,0%,0%,50%,50%,77%,72%,68%,32%
Work and Pensions,Department for Work and Pensions,DWP0000,67%,59%,72%,84%,73%,85%,60%,79%,75%,36%,45%,74%,29%,87%,81%,76%,54%,63%,83%,85%,75%,84%,80%,73%,76%,81%,73%,68%,69%,48%,90%,87%,78%,72%,59%,58%,50%,81%,87%,69%,78%,71%,76%,86%,72%,69%,74%,34%,42%,32%,47%,46%,45%,40%,41%,38%,60%,38%,48%,51%,53%,52%,52%,50%,43%,45%,89%,68%,68%,67%,78%,66%,63%,9%,11%,21%,58%,94%,76%,71%,13%,12%,47%,16%,38%,56%,20%,23%,67%,72%,63%,32%
Work and Pensions,Health and Safety Executive,HSE0000,75%,54%,76%,79%,68%,78%,42%,71%,64%,23%,32%,72%,32%,89%,82%,78%,52%,78%,79%,80%,68%,86%,81%,62%,75%,79%,71%,60%,68%,35%,86%,80%,69%,50%,49%,29%,40%,75%,83%,59%,66%,62%,74%,85%,46%,54%,66%,21%,28%,19%,54%,38%,36%,29%,12%,16%,44%,22%,35%,56%,39%,47%,36%,33%,35%,24%,88%,65%,54%,60%,68%,54%,54%,9%,16%,32%,42%,95%,66%,58%,17%,13%,51%,13%,30%,65%,16%,14%,61%,68%,58%,33%